-- Insert Data into Branches table
PRINT 'Inserting Branches...';

INSERT INTO Branches (BranchID, BranchName, Address) VALUES
(1, 'Branch A', 'New York'),
(2, 'Branch B', 'Los Angeles'),
(3, 'Branch C', 'Chicago'),
(4, 'Branch D', 'Houston'),
(5, 'Branch E', 'Phoenix'),
(6, 'Branch F', 'Philadelphia'),
(7, 'Branch G', 'San Antonio'),
(8, 'Branch H', 'San Diego'),
(9, 'Branch I', 'Dallas'),
(10, 'Branch J', 'San Jose'),
(11, 'Branch K', 'Austin'),
(12, 'Branch L', 'Jacksonville'),
(13, 'Branch M', 'Columbus'),
(14, 'Branch N', 'Charlotte'),
(15, 'Branch O', 'San Francisco'),
(16, 'Branch P', 'Indianapolis'),
(17, 'Branch Q', 'Seattle'),
(18, 'Branch R', 'Denver'),
(19, 'Branch S', 'Washington'),
(20, 'Branch T', 'Boston');

PRINT 'Inserted 20 rows into Branches';
PRINT 'Finished Branches';
GO





-- Insert data into Employees Table
PRINT 'Inserting Employees...';

INSERT INTO Employees (EmployeeID, EmployeeName, Position, BranchID) VALUES
(1,'Alice Brown','Manager',1),
(2,'Bob Smith','Staff',2),
(3,'Charlie Johnson','Teller',3),
(4,'David Lee','Manager',4),
(5,'Eva White','Staff',5),
(6,'Frank Hall','Teller',6),
(7,'Grace King','Manager',7),
(8,'Henry Scott','Staff',8),
(9,'Ivy Green','Teller',9),
(10,'Jack Adams','Manager',10),
(11,'Karen Baker','Staff',11),
(12,'Leo Carter','Teller',12),
(13,'Mia Nelson','Manager',13),
(14,'Noah Perez','Staff',14),
(15,'Olivia Roberts','Teller',15),
(16,'Paul Turner','Manager',16),
(17,'Quinn Phillips','Staff',17),
(18,'Ryan Campbell','Teller',18),
(19,'Sophia Parker','Manager',19),
(20,'Thomas Evans','Staff',20),
(21, 'James Wilson', 'Staff', 1),
(22, 'Mary Johnson', 'Teller', 2),
(23, 'Robert Brown', 'Staff', 3),
(24, 'Patricia Taylor', 'Manager', 4),
(25, 'Jennifer Miller', 'Teller', 5),
(26, 'Michael Davis', 'Staff', 6),
(27, 'Linda Garcia', 'Staff', 7),
(28, 'William Martinez', 'Teller', 8),
(29, 'Elizabeth Jones', 'Staff', 9),
(30, 'David Rodriguez', 'Manager', 10),
(31, 'Richard Smith', 'Teller', 11),
(32, 'Barbara Hernandez', 'Staff', 12),
(33, 'Joseph Moore', 'Staff', 13),
(34, 'Susan Williams', 'Teller', 14),
(35, 'Charles Brown', 'Staff', 15),
(36, 'Jessica Anderson', 'Manager', 16),
(37, 'Thomas Thomas', 'Staff', 17),
(38, 'Sarah Jackson', 'Teller', 18),
(39, 'Christopher White', 'Staff', 19),
(40, 'Karen Harris', 'Staff', 20),
(41, 'Daniel Martin', 'Teller', 1),
(42, 'Nancy Thompson', 'Staff', 2),
(43, 'Matthew Garcia', 'Manager', 3),
(44, 'Lisa Martinez', 'Staff', 4),
(45, 'Anthony Robinson', 'Teller', 5),
(46, 'Margaret Clark', 'Staff', 6),
(47, 'Mark Rodriguez', 'Staff', 7),
(48, 'Sandra Lewis', 'Teller', 8),
(49, 'Donald Lee', 'Staff', 9),
(50, 'Ashley Walker', 'Manager', 10),
(51, 'Paul Hall', 'Staff', 11),
(52, 'Dorothy Allen', 'Teller', 12),
(53, 'Steven Young', 'Staff', 13),
(54, 'Kimberly Hernandez', 'Staff', 14),
(55, 'Andrew King', 'Teller', 15),
(56, 'Donna Wright', 'Manager', 16),
(57, 'Joshua Lopez', 'Staff', 17),
(58, 'Emily Hill', 'Staff', 18),
(59, 'Kenneth Scott', 'Teller', 19),
(60, 'Michelle Green', 'Staff', 20),
(61, 'Kevin Adams', 'Staff', 1),
(62, 'Carol Baker', 'Teller', 2),
(63, 'Brian Gonzalez', 'Manager', 3),
(64, 'Amanda Nelson', 'Staff', 4),
(65, 'George Carter', 'Staff', 5),
(66, 'Melissa Mitchell', 'Teller', 6),
(67, 'Edward Perez', 'Staff', 7),
(68, 'Deborah Roberts', 'Staff', 8),
(69, 'Ronald Turner', 'Teller', 9),
(70, 'Stephanie Phillips', 'Manager', 10),
(71, 'Timothy Campbell', 'Staff', 11),
(72, 'Rebecca Parker', 'Staff', 12),
(73, 'Jason Evans', 'Teller', 13),
(74, 'Laura Edwards', 'Staff', 14),
(75, 'Jeffrey Collins', 'Staff', 15),
(76, 'Sharon Stewart', 'Teller', 16),
(77, 'Ryan Sanchez', 'Manager', 17),
(78, 'Cynthia Morris', 'Staff', 18),
(79, 'Jacob Rogers', 'Staff', 19),
(80, 'Kathleen Reed', 'Teller', 20),
(81, 'Gary Cook', 'Staff', 1),
(82, 'Amy Morgan', 'Staff', 2),
(83, 'Nicholas Bell', 'Teller', 3),
(84, 'Shirley Murphy', 'Manager', 4),
(85, 'Eric Bailey', 'Staff', 5),
(86, 'Angela Rivera', 'Staff', 6),
(87, 'Jonathan Cooper', 'Teller', 7),
(88, 'Anna Richardson', 'Staff', 8),
(89, 'Stephen Cox', 'Staff', 9),
(90, 'Ruth Howard', 'Teller', 10),
(91, 'Larry Ward', 'Manager', 11),
(92, 'Brenda Torres', 'Staff', 12),
(93, 'Justin Peterson', 'Staff', 13),
(94, 'Nicole Gray', 'Teller', 14),
(95, 'Scott Ramirez', 'Staff', 15),
(96, 'Virginia James', 'Staff', 16),
(97, 'Brandon Watson', 'Teller', 17),
(98, 'Katherine Brooks', 'Manager', 18),
(99, 'Benjamin Kelly', 'Staff', 19),
(100, 'Pamela Sanders', 'Staff', 20),
(101, 'Samuel Price', 'Teller', 1),
(102, 'Catherine Bennett', 'Staff', 2),
(103, 'Gregory Wood', 'Staff', 3),
(104, 'Christine Barnes', 'Teller', 4),
(105, 'Frank Ross', 'Manager', 5),
(106, 'Debra Henderson', 'Staff', 6),
(107, 'Raymond Coleman', 'Staff', 7),
(108, 'Janet Jenkins', 'Teller', 8),
(109, 'Patrick Perry', 'Staff', 9),
(110, 'Carolyn Powell', 'Staff', 10),
(111, 'Jack Long', 'Teller', 11),
(112, 'Heather Patterson', 'Manager', 12),
(113, 'Dennis Hughes', 'Staff', 13),
(114, 'Diane Flores', 'Staff', 14),
(115, 'Jerry Washington', 'Teller', 15),
(116, 'Julie Butler', 'Staff', 16),
(117, 'Tyler Simmons', 'Staff', 17),
(118, 'Joyce Foster', 'Teller', 18),
(119, 'Aaron Gonzales', 'Manager', 19),
(120, 'Evelyn Bryant', 'Staff', 20),
(121, 'Henry Alexander', 'Staff', 1),
(122, 'Joan Russell', 'Teller', 2),
(123, 'Douglas Griffin', 'Staff', 3),
(124, 'Kelly Diaz', 'Staff', 4),
(125, 'Peter Hayes', 'Teller', 5),
(126, 'Christina Myers', 'Manager', 6),
(127, 'Walter Ford', 'Staff', 7),
(128, 'Lauren Hamilton', 'Staff', 8),
(129, 'Kyle Graham', 'Teller', 9),
(130, 'Martha Sullivan', 'Staff', 10),
(131, 'Harold Wallace', 'Staff', 11),
(132, 'Judith Woods', 'Teller', 12),
(133, 'Carl Cole', 'Manager', 13),
(134, 'Cheryl West', 'Staff', 14),
(135, 'Arthur Jordan', 'Staff', 15),
(136, 'Megan Owens', 'Teller', 16),
(137, 'Roger Reynolds', 'Staff', 17),
(138, 'Andrea Fisher', 'Staff', 18),
(139, 'Lawrence Ellis', 'Teller', 19),
(140, 'Alice Harrison', 'Manager', 20),
(141, 'Terry Gibson', 'Staff', 1),
(142, 'Doris Mcdonald', 'Staff', 2),
(143, 'Albert Cruz', 'Teller', 3),
(144, 'Gloria Marshall', 'Staff', 4),
(145, 'Joe Ortiz', 'Staff', 5),
(146, 'Ann Gomez', 'Teller', 6),
(147, 'Christian Murray', 'Manager', 7),
(148, 'Jean Freeman', 'Staff', 8),
(149, 'Austin Wells', 'Staff', 9),
(150, 'Victoria Webb', 'Teller', 10),
(151, 'Willie Simpson', 'Staff', 11),
(152, 'Kathryn Stevens', 'Staff', 12),
(153, 'Jesse Tucker', 'Teller', 13),
(154, 'Julia Porter', 'Manager', 14),
(155, 'Billy Hunter', 'Staff', 15),
(156, 'Teresa Hicks', 'Staff', 16),
(157, 'Bryan Crawford', 'Teller', 17),
(158, 'Sara Henry', 'Staff', 18),
(159, 'Ralph Boyd', 'Staff', 19),
(160, 'Janice Mason', 'Teller', 20),
(161, 'Roy Morales', 'Manager', 1),
(162, 'Theresa Kennedy', 'Staff', 2),
(163, 'Eugene Warren', 'Staff', 3),
(164, 'Rose Dixon', 'Teller', 4),
(165, 'Louis Ramos', 'Staff', 5),
(166, 'Beverly Reyes', 'Staff', 6),
(167, 'Wayne Burns', 'Teller', 7),
(168, 'Denise Gordon', 'Manager', 8),
(169, 'Alan Shaw', 'Staff', 9),
(170, 'Marilyn Holmes', 'Staff', 10),
(171, 'Harry Rice', 'Teller', 11),
(172, 'Amber Robertson', 'Staff', 12),
(173, 'Russell Hunt', 'Staff', 13),
(174, 'Danielle Black', 'Teller', 14),
(175, 'Juan Daniels', 'Manager', 15),
(176, 'Madison Palmer', 'Staff', 16),
(177, 'Philip Mills', 'Staff', 17),
(178, 'Diana Nichols', 'Teller', 18),
(179, 'Randy Grant', 'Staff', 19),
(180, 'Brittany Knight', 'Staff', 20),
(181, 'Howard Ferguson', 'Teller', 1),
(182, 'Abigail Rose', 'Manager', 2),
(183, 'Vincent Stone', 'Staff', 3),
(184, 'Natalie Hawkins', 'Staff', 4),
(185, 'Bobby Ferrand', 'Teller', 5),
(186, 'Grace Jenkins', 'Staff', 6),
(187, 'Johnny Perry', 'Staff', 7),
(188, 'Sophia Powell', 'Teller', 8),
(189, 'Philip Long', 'Manager', 9),
(190, 'Evelyn Patterson', 'Staff', 10),
(191, 'Logan Hughes', 'Staff', 11),
(192, 'Olivia Flores', 'Teller', 12),
(193, 'Mason Washington', 'Staff', 13),
(194, 'Isabella Butler', 'Staff', 14),
(195, 'Ethan Simmons', 'Teller', 15),
(196, 'Mia Foster', 'Manager', 16),
(197, 'Lucas Gonzales', 'Staff', 17),
(198, 'Charlotte Bryant', 'Staff', 18),
(199, 'Jackson Alexander', 'Teller', 19),
(200, 'Amelia Russell', 'Staff', 20);

PRINT 'Inserted 200 rows into Employees';
PRINT 'Finished Employees';
GO

-- Insert into Customers table
PRINT 'Inserting Customers...';

INSERT INTO Customers (CustomerID, CustomerName, PhoneNumber, Address) VALUES
(1, 'John Smith', '0900000001', 'New York'),
(2, 'Emily Johnson', '0900000002', 'Los Angeles'),
(3, 'Michael Brown', '0900000003', 'Chicago'),
(4, 'Sarah Davis', '0900000004', 'Houston'),
(5, 'David Wilson', '0900000005', 'Phoenix'),
(6, 'Emma Taylor', '0900000006', 'Philadelphia'),
(7, 'Daniel Anderson', '0900000007', 'San Antonio'),
(8, 'Olivia Thomas', '0900000008', 'San Diego'),
(9, 'James Jackson', '0900000009', 'Dallas'),
(10, 'Sophia White', '0900000010', 'San Jose'),
(11, 'William Harris', '0900000011', 'Austin'),
(12, 'Isabella Martin', '0900000012', 'Jacksonville'),
(13, 'Benjamin Thompson', '0900000013', 'Columbus'),
(14, 'Mia Garcia', '0900000014', 'Charlotte'),
(15, 'Lucas Martinez', '0900000015', 'San Francisco'),
(16, 'Amelia Robinson', '0900000016', 'Indianapolis'),
(17, 'Henry Clark', '0900000017', 'Seattle'),
(18, 'Evelyn Rodriguez', '0900000018', 'Denver'),
(19, 'Alexander Lewis', '0900000019', 'Washington'),
(20, 'Harper Lee', '0900000020', 'Boston'),
(21, 'James Wilson', '0900000021', 'New York'),
(22, 'Mary Johnson', '0900000022', 'Los Angeles'),
(23, 'Robert Brown', '0900000023', 'Chicago'),
(24, 'Patricia Taylor', '0900000024', 'Houston'),
(25, 'Jennifer Miller', '0900000025', 'Phoenix'),
(26, 'Michael Davis', '0900000026', 'Philadelphia'),
(27, 'Linda Garcia', '0900000027', 'San Antonio'),
(28, 'William Martinez', '0900000028', 'San Diego'),
(29, 'Elizabeth Jones', '0900000029', 'Dallas'),
(30, 'David Rodriguez', '0900000030', 'San Jose'),
(31, 'Richard Smith', '0900000031', 'Austin'),
(32, 'Barbara Hernandez', '0900000032', 'Jacksonville'),
(33, 'Joseph Moore', '0900000033', 'Columbus'),
(34, 'Susan Williams', '0900000034', 'Charlotte'),
(35, 'Charles Brown', '0900000035', 'San Francisco'),
(36, 'Jessica Anderson', '0900000036', 'Indianapolis'),
(37, 'Thomas Thomas', '0900000037', 'Seattle'),
(38, 'Sarah Jackson', '0900000038', 'Denver'),
(39, 'Christopher White', '0900000039', 'Washington'),
(40, 'Karen Harris', '0900000040', 'Boston'),
(41, 'Daniel Martin', '0900000041', 'New York'),
(42, 'Nancy Thompson', '0900000042', 'Los Angeles'),
(43, 'Matthew Garcia', '0900000043', 'Chicago'),
(44, 'Margaret Clark', '0900000044', 'Houston'),
(45, 'Anthony Robinson', '0900000045', 'Phoenix'),
(46, 'Sandra Lewis', '0900000046', 'Philadelphia'),
(47, 'Mark Rodriguez', '0900000047', 'San Antonio'),
(48, 'Ashley Walker', '0900000048', 'San Diego'),
(49, 'Donald Lee', '0900000049', 'Dallas'),
(50, 'Kimberly Hernandez', '0900000050', 'San Jose'),
(51, 'Paul Hall', '0900000051', 'Austin'),
(52, 'Dorothy Allen', '0900000052', 'Jacksonville'),
(53, 'Steven Young', '0900000053', 'Columbus'),
(54, 'Emily Hill', '0900000054', 'Charlotte'),
(55, 'Andrew King', '0900000055', 'San Francisco'),
(56, 'Donna Wright', '0900000056', 'Indianapolis'),
(57, 'Joshua Lopez', '0900000057', 'Seattle'),
(58, 'Michelle Green', '0900000058', 'Denver'),
(59, 'Kenneth Scott', '0900000059', 'Washington'),
(60, 'Carol Baker', '0900000060', 'Boston'),
(61, 'Brian Gonzalez', '0900000061', 'New York'),
(62, 'Amanda Nelson', '0900000062', 'Los Angeles'),
(63, 'Edward Perez', '0900000063', 'Chicago'),
(64, 'Melissa Mitchell', '0900000064', 'Houston'),
(65, 'George Carter', '0900000065', 'Phoenix'),
(66, 'Deborah Roberts', '0900000066', 'Philadelphia'),
(67, 'Ronald Turner', '0900000067', 'San Antonio'),
(68, 'Stephanie Phillips', '0900000068', 'San Diego'),
(69, 'Timothy Campbell', '0900000069', 'Dallas'),
(70, 'Rebecca Parker', '0900000070', 'San Jose'),
(71, 'Jason Evans', '0900000071', 'Austin'),
(72, 'Laura Edwards', '0900000072', 'Jacksonville'),
(73, 'Jeffrey Collins', '0900000073', 'Columbus'),
(74, 'Sharon Stewart', '0900000074', 'Charlotte'),
(75, 'Ryan Sanchez', '0900000075', 'San Francisco'),
(76, 'Cynthia Morris', '0900000076', 'Indianapolis'),
(77, 'Jacob Rogers', '0900000077', 'Seattle'),
(78, 'Kathleen Reed', '0900000078', 'Denver'),
(79, 'Gary Cook', '0900000079', 'Washington'),
(80, 'Amy Morgan', '0900000080', 'Boston'),
(81, 'Nicholas Bell', '0900000081', 'New York'),
(82, 'Shirley Murphy', '0900000082', 'Los Angeles'),
(83, 'Eric Bailey', '0900000083', 'Chicago'),
(84, 'Angela Rivera', '0900000084', 'Houston'),
(85, 'Jonathan Cooper', '0900000085', 'Phoenix'),
(86, 'Anna Richardson', '0900000086', 'Philadelphia'),
(87, 'Stephen Cox', '0900000087', 'San Antonio'),
(88, 'Ruth Howard', '0900000088', 'San Diego'),
(89, 'Larry Ward', '0900000089', 'Dallas'),
(90, 'Brenda Torres', '0900000090', 'San Jose'),
(91, 'Justin Peterson', '0900000091', 'Austin'),
(92, 'Nicole Gray', '0900000092', 'Jacksonville'),
(93, 'Scott Ramirez', '0900000093', 'Columbus'),
(94, 'Virginia James', '0900000094', 'Charlotte'),
(95, 'Brandon Watson', '0900000095', 'San Francisco'),
(96, 'Katherine Brooks', '0900000096', 'Indianapolis'),
(97, 'Benjamin Kelly', '0900000097', 'Seattle'),
(98, 'Pamela Sanders', '0900000098', 'Denver'),
(99, 'Samuel Price', '0900000099', 'Washington'),
(100, 'Catherine Bennett', '0900000100', 'Boston'),
(101, 'Gregory Wood', '0900000101', 'New York'),
(102, 'Christine Barnes', '0900000102', 'Los Angeles'),
(103, 'Frank Ross', '0900000103', 'Chicago'),
(104, 'Debra Henderson', '0900000104', 'Houston'),
(105, 'Raymond Coleman', '0900000105', 'Phoenix'),
(106, 'Janet Jenkins', '0900000106', 'Philadelphia'),
(107, 'Patrick Perry', '0900000107', 'San Antonio'),
(108, 'Carolyn Powell', '0900000108', 'San Diego'),
(109, 'Jack Long', '0900000109', 'Dallas'),
(110, 'Heather Patterson', '0900000110', 'San Jose'),
(111, 'Dennis Hughes', '0900000111', 'Austin'),
(112, 'Diane Flores', '0900000112', 'Jacksonville'),
(113, 'Jerry Washington', '0900000113', 'Columbus'),
(114, 'Julie Butler', '0900000114', 'Charlotte'),
(115, 'Tyler Simmons', '0900000115', 'San Francisco'),
(116, 'Joyce Foster', '0900000116', 'Indianapolis'),
(117, 'Aaron Gonzales', '0900000117', 'Seattle'),
(118, 'Evelyn Bryant', '0900000118', 'Denver'),
(119, 'Henry Alexander', '0900000119', 'Washington'),
(120, 'Joan Russell', '0900000120', 'Boston'),
(121, 'Douglas Griffin', '0900000121', 'New York'),
(122, 'Kelly Diaz', '0900000122', 'Los Angeles'),
(123, 'Peter Hayes', '0900000123', 'Chicago'),
(124, 'Christina Myers', '0900000124', 'Houston'),
(125, 'Walter Ford', '0900000125', 'Phoenix'),
(126, 'Lauren Hamilton', '0900000126', 'Philadelphia'),
(127, 'Kyle Graham', '0900000127', 'San Antonio'),
(128, 'Martha Sullivan', '0900000128', 'San Diego'),
(129, 'Harold Wallace', '0900000129', 'Dallas'),
(130, 'Judith Woods', '0900000130', 'San Jose'),
(131, 'Carl Cole', '0900000131', 'Austin'),
(132, 'Cheryl West', '0900000132', 'Jacksonville'),
(133, 'Arthur Jordan', '0900000133', 'Columbus'),
(134, 'Megan Owens', '0900000134', 'Charlotte'),
(135, 'Roger Reynolds', '0900000135', 'San Francisco'),
(136, 'Andrea Fisher', '0900000136', 'Indianapolis'),
(137, 'Lawrence Ellis', '0900000137', 'Seattle'),
(138, 'Alice Harrison', '0900000138', 'Denver'),
(139, 'Terry Gibson', '0900000139', 'Washington'),
(140, 'Doris Mcdonald', '0900000140', 'Boston'),
(141, 'Albert Cruz', '0900000141', 'New York'),
(142, 'Gloria Marshall', '0900000142', 'Los Angeles'),
(143, 'Joe Ortiz', '0900000143', 'Chicago'),
(144, 'Ann Gomez', '0900000144', 'Houston'),
(145, 'Christian Murray', '0900000145', 'Phoenix'),
(146, 'Jean Freeman', '0900000146', 'Philadelphia'),
(147, 'Austin Wells', '0900000147', 'San Antonio'),
(148, 'Victoria Webb', '0900000148', 'San Diego'),
(149, 'Willie Simpson', '0900000149', 'Dallas'),
(150, 'Kathryn Stevens', '0900000150', 'San Jose'),
(151, 'Jesse Tucker', '0900000151', 'Austin'),
(152, 'Julia Porter', '0900000152', 'Jacksonville'),
(153, 'Billy Hunter', '0900000153', 'Columbus'),
(154, 'Teresa Hicks', '0900000154', 'Charlotte'),
(155, 'Bryan Crawford', '0900000155', 'San Francisco'),
(156, 'Sara Henry', '0900000156', 'Indianapolis'),
(157, 'Ralph Boyd', '0900000157', 'Seattle'),
(158, 'Janice Mason', '0900000158', 'Denver'),
(159, 'Roy Morales', '0900000159', 'Washington'),
(160, 'Theresa Kennedy', '0900000160', 'Boston'),
(161, 'Eugene Warren', '0900000161', 'New York'),
(162, 'Rose Dixon', '0900000162', 'Los Angeles'),
(163, 'Louis Ramos', '0900000163', 'Chicago'),
(164, 'Beverly Reyes', '0900000164', 'Houston'),
(165, 'Wayne Burns', '0900000165', 'Phoenix'),
(166, 'Denise Gordon', '0900000166', 'Philadelphia'),
(167, 'Alan Shaw', '0900000167', 'San Antonio'),
(168, 'Marilyn Holmes', '0900000168', 'San Diego'),
(169, 'Harry Rice', '0900000169', 'Dallas'),
(170, 'Amber Robertson', '0900000170', 'San Jose'),
(171, 'Russell Hunt', '0900000171', 'Austin'),
(172, 'Danielle Black', '0900000172', 'Jacksonville'),
(173, 'Juan Daniels', '0900000173', 'Columbus'),
(174, 'Madison Palmer', '0900000174', 'Charlotte'),
(175, 'Philip Mills', '0900000175', 'San Francisco'),
(176, 'Diana Nichols', '0900000176', 'Indianapolis'),
(177, 'Randy Grant', '0900000177', 'Seattle'),
(178, 'Brittany Knight', '0900000178', 'Denver'),
(179, 'Howard Ferguson', '0900000179', 'Washington'),
(180, 'Abigail Rose', '0900000180', 'Boston'),
(181, 'Vincent Stone', '0900000181', 'New York'),
(182, 'Natalie Hawkins', '0900000182', 'Los Angeles'),
(183, 'Bobby Ferrand', '0900000183', 'Chicago'),
(184, 'Grace Jenkins', '0900000184', 'Houston'),
(185, 'Johnny Perry', '0900000185', 'Phoenix'),
(186, 'Sophia Powell', '0900000186', 'Philadelphia'),
(187, 'Philip Long', '0900000187', 'San Antonio'),
(188, 'Evelyn Patterson', '0900000188', 'San Diego'),
(189, 'Logan Hughes', '0900000189', 'Dallas'),
(190, 'Olivia Flores', '0900000190', 'San Jose'),
(191, 'Mason Washington', '0900000191', 'Austin'),
(192, 'Isabella Butler', '0900000192', 'Jacksonville'),
(193, 'Ethan Simmons', '0900000193', 'Columbus'),
(194, 'Mia Foster', '0900000194', 'Charlotte'),
(195, 'Lucas Gonzales', '0900000195', 'San Francisco'),
(196, 'Charlotte Bryant', '0900000196', 'Indianapolis'),
(197, 'Jackson Alexander', '0900000197', 'Seattle'),
(198, 'Amelia Russell', '0900000198', 'Denver'),
(199, 'Jack Woods', '0900000199', 'Washington'),
(200, 'Lily Sullivan', '0900000200', 'Boston'),
(201, 'Oliver Gray', '0900000201', 'New York'),
(202, 'Emma Price', '0900000202', 'Los Angeles'),
(203, 'Aiden Ross', '0900000203', 'Chicago'),
(204, 'Ava Coleman', '0900000204', 'Houston'),
(205, 'Liam Powell', '0900000205', 'Phoenix'),
(206, 'Sophia Flores', '0900000206', 'Philadelphia'),
(207, 'Noah Butler', '0900000207', 'San Antonio'),
(208, 'Isla Foster', '0900000208', 'San Diego'),
(209, 'Lucas Alexander', '0900000209', 'Dallas'),
(210, 'Mia Bryant', '0900000210', 'San Jose'),
(211, 'Ethan Russell', '0900000211', 'Austin'),
(212, 'Charlotte Hayes', '0900000212', 'Jacksonville'),
(213, 'Amelia Myers', '0900000213', 'Columbus'),
(214, 'Harper Ford', '0900000214', 'Charlotte'),
(215, 'Evelyn Graham', '0900000215', 'San Francisco'),
(216, 'Abigail West', '0900000216', 'Indianapolis'),
(217, 'Emily Jordan', '0900000217', 'Seattle'),
(218, 'Elizabeth Owens', '0900000218', 'Denver'),
(219, 'Sofia Reynolds', '0900000219', 'Washington'),
(220, 'Avery Fisher', '0900000220', 'Boston'),
(221, 'Ella Ellis', '0900000221', 'New York'),
(222, 'Scarlett Harrison', '0900000222', 'Los Angeles'),
(223, 'Victoria Gibson', '0900000223', 'Chicago'),
(224, 'Madison Mcdonald', '0900000224', 'Houston'),
(225, 'Luna Cruz', '0900000225', 'Phoenix'),
(226, 'Grace Marshall', '0900000226', 'Philadelphia'),
(227, 'Chloe Ortiz', '0900000227', 'San Antonio'),
(228, 'Penelope Gomez', '0900000228', 'San Diego'),
(229, 'Layla Murray', '0900000229', 'Dallas'),
(230, 'Riley Freeman', '0900000230', 'San Jose'),
(231, 'Zoey Wells', '0900000231', 'Austin'),
(232, 'Nora Webb', '0900000232', 'Jacksonville'),
(233, 'Lily Simpson', '0900000233', 'Columbus'),
(234, 'Eleanor Stevens', '0900000234', 'Charlotte'),
(235, 'Hannah Tucker', '0900000235', 'San Francisco'),
(236, 'Lillian Porter', '0900000236', 'Indianapolis'),
(237, 'Addison Hunter', '0900000237', 'Seattle'),
(238, 'Aubrey Hicks', '0900000238', 'Denver'),
(239, 'Ellie Crawford', '0900000239', 'Washington'),
(240, 'Stella Henry', '0900000240', 'Boston'),
(241, 'Natalie Boyd', '0900000241', 'New York'),
(242, 'Zoe Mason', '0900000242', 'Los Angeles'),
(243, 'Leah Morales', '0900000243', 'Chicago'),
(244, 'Hazel Kennedy', '0900000244', 'Houston'),
(245, 'Violet Warren', '0900000245', 'Phoenix'),
(246, 'Aurora Dixon', '0900000246', 'Philadelphia'),
(247, 'Savannah Ramos', '0900000247', 'San Antonio'),
(248, 'Audrey Reyes', '0900000248', 'San Diego'),
(249, 'Brooklyn Burns', '0900000249', 'Dallas'),
(250, 'Bella Gordon', '0900000250', 'San Jose'),
(251, 'Claire Shaw', '0900000251', 'Austin'),
(252, 'Skylar Holmes', '0900000252', 'Jacksonville'),
(253, 'Lucy Rice', '0900000253', 'Columbus'),
(254, 'Paisley Robertson', '0900000254', 'Charlotte'),
(255, 'Everly Hunt', '0900000255', 'San Francisco'),
(256, 'Anna Black', '0900000256', 'Indianapolis'),
(257, 'Caroline Daniels', '0900000257', 'Seattle'),
(258, 'Nova Palmer', '0900000258', 'Denver'),
(259, 'Genesis Mills', '0900000259', 'Washington'),
(260, 'Emilia Nichols', '0900000260', 'Boston'),
(261, 'Kennedy Grant', '0900000261', 'New York'),
(262, 'Samantha Knight', '0900000262', 'Los Angeles'),
(263, 'Maya Ferguson', '0900000263', 'Chicago'),
(264, 'Willow Rose', '0900000264', 'Houston'),
(265, 'Kinsley Stone', '0900000265', 'Phoenix'),
(266, 'Naomi Hawkins', '0900000266', 'Philadelphia'),
(267, 'Aaliyah Ferrand', '0900000267', 'San Antonio'),
(268, 'Elena Jenkins', '0900000268', 'San Diego'),
(269, 'Sarah Perry', '0900000269', 'Dallas'),
(270, 'Ariana Powell', '0900000270', 'San Jose'),
(271, 'Allison Long', '0900000271', 'Austin'),
(272, 'Gabriella Patterson', '0900000272', 'Jacksonville'),
(273, 'Alice Hughes', '0900000273', 'Columbus'),
(274, 'Madelyn Flores', '0900000274', 'Charlotte'),
(275, 'Cora Washington', '0900000275', 'San Francisco'),
(276, 'Ruby Butler', '0900000276', 'Indianapolis'),
(277, 'Eva Simmons', '0900000277', 'Seattle'),
(278, 'Serenity Foster', '0900000278', 'Denver'),
(279, 'Autumn Gonzales', '0900000279', 'Washington'),
(280, 'Adeline Bryant', '0900000280', 'Boston'),
(281, 'Hailey Alexander', '0900000281', 'New York'),
(282, 'Gianna Russell', '0900000282', 'Los Angeles'),
(283, 'Valentina Griffin', '0900000283', 'Chicago'),
(284, 'Isla Diaz', '0900000284', 'Houston'),
(285, 'Eliana Hayes', '0900000285', 'Phoenix'),
(286, 'Quinn Myers', '0900000286', 'Philadelphia'),
(287, 'Nevaeh Ford', '0900000287', 'San Antonio'),
(288, 'Ivy Graham', '0900000288', 'San Diego'),
(289, 'Sadie Sullivan', '0900000289', 'Dallas'),
(290, 'Piper Wallace', '0900000290', 'San Jose'),
(291, 'Lydia Woods', '0900000291', 'Austin'),
(292, 'Alexa Cole', '0900000292', 'Jacksonville'),
(293, 'Josephine West', '0900000293', 'Columbus'),
(294, 'Emery Jordan', '0900000294', 'Charlotte'),
(295, 'Julia Owens', '0900000295', 'San Francisco'),
(296, 'Delilah Reynolds', '0900000296', 'Indianapolis'),
(297, 'Arianna Fisher', '0900000297', 'Seattle'),
(298, 'Vivian Ellis', '0900000298', 'Denver'),
(299, 'Kaylee Harrison', '0900000299', 'Washington'),
(300, 'Sophie Gibson', '0900000300', 'Boston'),
(301, 'Brielle Mcdonald', '0900000301', 'New York'),
(302, 'Madeline Cruz', '0900000302', 'Los Angeles'),
(303, 'Peyton Marshall', '0900000303', 'Chicago'),
(304, 'Rylee Ortiz', '0900000304', 'Houston'),
(305, 'Clara Gomez', '0900000305', 'Phoenix'),
(306, 'Hadley Murray', '0900000306', 'Philadelphia'),
(307, 'Melanie Freeman', '0900000307', 'San Antonio'),
(308, 'Mackenzie Wells', '0900000308', 'San Diego'),
(309, 'Reagan Webb', '0900000309', 'Dallas'),
(310, 'Adalynn Simpson', '0900000310', 'San Jose'),
(311, 'Liliana Stevens', '0900000311', 'Austin'),
(312, 'Aubree Tucker', '0900000312', 'Jacksonville'),
(313, 'Jade Porter', '0900000313', 'Columbus'),
(314, 'Katherine Hunter', '0900000314', 'Charlotte'),
(315, 'Isabelle Hicks', '0900000315', 'San Francisco'),
(316, 'Natalia Crawford', '0900000316', 'Indianapolis'),
(317, 'Raelynn Henry', '0900000317', 'Seattle'),
(318, 'Maria Boyd', '0900000318', 'Denver'),
(319, 'Athena Mason', '0900000319', 'Washington'),
(320, 'Ximena Morales', '0900000320', 'Boston'),
(321, 'Arya Kennedy', '0900000321', 'New York'),
(322, 'Leilani Warren', '0900000322', 'Los Angeles'),
(323, 'Paige Dixon', '0900000323', 'Chicago'),
(324, 'Lyla Ramos', '0900000324', 'Houston'),
(325, 'Giana Reyes', '0900000325', 'Phoenix'),
(326, 'Rose Burns', '0900000326', 'Philadelphia'),
(327, 'Alina Gordon', '0900000327', 'San Antonio'),
(328, 'Isabel Shaw', '0900000328', 'San Diego'),
(329, 'Adaline Holmes', '0900000329', 'Dallas'),
(330, 'Nicole Rice', '0900000330', 'San Jose'),
(331, 'Faith Robertson', '0900000331', 'Austin'),
(332, 'Eloise Hunt', '0900000332', 'Jacksonville'),
(333, 'Adalyn Black', '0900000333', 'Columbus'),
(334, 'Amaya Daniels', '0900000334', 'Charlotte'),
(335, 'Jasmine Palmer', '0900000335', 'San Francisco'),
(336, 'Mary Mills', '0900000336', 'Indianapolis'),
(337, 'Juliana Nichols', '0900000337', 'Seattle'),
(338, 'Valerie Grant', '0900000338', 'Denver'),
(339, 'Cecilia Knight', '0900000339', 'Washington'),
(340, 'Lilly Ferguson', '0900000340', 'Boston'),
(341, 'Adriana Rose', '0900000341', 'New York'),
(342, 'Gracie Stone', '0900000342', 'Los Angeles'),
(343, 'Josie Hawkins', '0900000343', 'Chicago'),
(344, 'Mckenna Ferrand', '0900000344', 'Houston'),
(345, 'Aline Jenkins', '0900000345', 'Phoenix'),
(346, 'Alaina Perry', '0900000346', 'Philadelphia'),
(347, 'Presley Powell', '0900000347', 'San Antonio'),
(348, 'Tessa Long', '0900000348', 'San Diego'),
(349, 'Jillian Patterson', '0900000349', 'Dallas'),
(350, 'Noelle Hughes', '0900000350', 'San Jose'),
(351, 'Rylie Flores', '0900000351', 'Austin'),
(352, 'Dahlia Washington', '0900000352', 'Jacksonville'),
(353, 'Sienna Butler', '0900000353', 'Columbus'),
(354, 'Aniyah Simmons', '0900000354', 'Charlotte'),
(355, 'Mariana Foster', '0900000355', 'San Francisco'),
(356, 'Malia Gonzales', '0900000356', 'Indianapolis'),
(357, 'Emerson Bryant', '0900000357', 'Seattle'),
(358, 'Aitana Alexander', '0900000358', 'Denver'),
(359, 'Alana Russell', '0900000359', 'Washington'),
(360, 'Eliza Griffin', '0900000360', 'Boston'),
(361, 'Amy Diaz', '0900000361', 'New York'),
(362, 'Daniela Hayes', '0900000362', 'Los Angeles'),
(363, 'Brynlee Myers', '0900000363', 'Chicago'),
(364, 'Angelina Ford', '0900000364', 'Houston'),
(365, 'Finley Graham', '0900000365', 'Phoenix'),
(366, 'Maggie Sullivan', '0900000366', 'Philadelphia'),
(367, 'Myla Wallace', '0900000367', 'San Antonio'),
(368, 'Amira Woods', '0900000368', 'San Diego'),
(369, 'Anaya Cole', '0900000369', 'Dallas'),
(370, 'Sloane West', '0900000370', 'San Jose'),
(371, 'Parker Jordan', '0900000371', 'Austin'),
(372, 'Remi Owens', '0900000372', 'Jacksonville'),
(373, 'Delaney Reynolds', '0900000373', 'Columbus'),
(374, 'Camille Fisher', '0900000374', 'Charlotte'),
(375, 'Lola Ellis', '0900000375', 'San Francisco'),
(376, 'Everleigh Harrison', '0900000376', 'Indianapolis'),
(377, 'Dakota Gibson', '0900000377', 'Seattle'),
(378, 'Phoebe Mcdonald', '0900000378', 'Denver'),
(379, 'Zara Cruz', '0900000379', 'Washington'),
(380, 'Evangeline Marshall', '0900000380', 'Boston'),
(381, 'Arielle Ortiz', '0900000381', 'New York'),
(382, 'Vera Gomez', '0900000382', 'Los Angeles'),
(383, 'Kinley Murray', '0900000383', 'Chicago'),
(384, 'Ariel Freeman', '0900000384', 'Houston'),
(385, 'Catalina Wells', '0900000385', 'Phoenix'),
(386, 'Macy Webb', '0900000386', 'Philadelphia'),
(387, 'Jordan Simpson', '0900000387', 'San Antonio'),
(388, 'Itzel Stevens', '0900000388', 'San Diego'),
(389, 'Leighton Tucker', '0900000389', 'Dallas'),
(390, 'Lilith Porter', '0900000390', 'San Jose'),
(391, 'Raegan Hunter', '0900000391', 'Austin'),
(392, 'Lucille Hicks', '0900000392', 'Jacksonville'),
(393, 'Anya Crawford', '0900000393', 'Columbus'),
(394, 'Lana Henry', '0900000394', 'Charlotte'),
(395, 'Kira Boyd', '0900000395', 'San Francisco'),
(396, 'Kiara Mason', '0900000396', 'Indianapolis'),
(397, 'Estella Morales', '0900000397', 'Seattle'),
(398, 'Giselle Kennedy', '0900000398', 'Denver'),
(399, 'Alani Warren', '0900000399', 'Washington'),
(400, 'Talia Dixon', '0900000400', 'Boston'),
(401, 'Malia Ramos', '0900000401', 'New York'),
(402, 'Kaitlyn Reyes', '0900000402', 'Los Angeles'),
(403, 'Hanna Burns', '0900000403', 'Chicago'),
(404, 'Nadia Gordon', '0900000404', 'Houston'),
(405, 'Gracelyn Shaw', '0900000405', 'Phoenix'),
(406, 'Emmanual Holmes', '0900000406', 'Philadelphia'),
(407, 'Caleb Rice', '0900000407', 'San Antonio'),
(408, 'Ezekiel Robertson', '0900000408', 'San Diego'),
(409, 'Cameron Hunt', '0900000409', 'Dallas'),
(410, 'Isaiah Black', '0900000410', 'San Jose'),
(411, 'Miles Daniels', '0900000411', 'Austin'),
(412, 'Julian Palmer', '0900000412', 'Jacksonville'),
(413, 'Aaron Mills', '0900000413', 'Columbus'),
(414, 'Adrian Nichols', '0900000414', 'Charlotte'),
(415, 'Roman Grant', '0900000415', 'San Francisco'),
(416, 'Jeremiah Knight', '0900000416', 'Indianapolis'),
(417, 'Angel Ferguson', '0900000417', 'Seattle'),
(418, 'Jonathan Rose', '0900000418', 'Denver'),
(419, 'Jose Stone', '0900000419', 'Washington'),
(420, 'Ian Hawkins', '0900000420', 'Boston'),
(421, 'Jordan Ferrand', '0900000421', 'New York'),
(422, 'Brooks Jenkins', '0900000422', 'Los Angeles'),
(423, 'Waylon Perry', '0900000423', 'Chicago'),
(424, 'Xavier Powell', '0900000424', 'Houston'),
(425, 'Kai Long', '0900000425', 'Phoenix'),
(426, 'Dominic Patterson', '0900000426', 'Philadelphia'),
(427, 'Silas Hughes', '0900000427', 'San Antonio'),
(428, 'Austin Flores', '0900000428', 'San Diego'),
(429, 'Everett Washington', '0900000429', 'Dallas'),
(430, 'Greyson Butler', '0900000430', 'San Jose'),
(431, 'Damian Simmons', '0900000431', 'Austin'),
(432, 'Ryder Foster', '0900000432', 'Jacksonville'),
(433, 'Kyrie Gonzales', '0900000433', 'Columbus'),
(434, 'Gavin Bryant', '0900000434', 'Charlotte'),
(435, 'Rowan Alexander', '0900000435', 'San Francisco'),
(436, 'Tristan Russell', '0900000436', 'Indianapolis'),
(437, 'Bennett Griffin', '0900000437', 'Seattle'),
(438, 'Luca Diaz', '0900000438', 'Denver'),
(439, 'Kingston Hayes', '0900000439', 'Washington'),
(440, 'Maxwell Myers', '0900000440', 'Boston'),
(441, 'Harrison Ford', '0900000441', 'New York'),
(442, 'Nathan Graham', '0900000442', 'Los Angeles'),
(443, 'Emmett Sullivan', '0900000443', 'Chicago'),
(444, 'Justin Wallace', '0900000444', 'Houston'),
(445, 'August Woods', '0900000445', 'Phoenix'),
(446, 'Milo Cole', '0900000446', 'Philadelphia'),
(447, 'Jude West', '0900000447', 'San Antonio'),
(448, 'Beckett Jordan', '0900000448', 'San Diego'),
(449, 'Giovanni Owens', '0900000449', 'Dallas'),
(450, 'Arthur Reynolds', '0900000450', 'San Jose'),
(451, 'Kaleb Fisher', '0900000451', 'Austin'),
(452, 'Adonis Ellis', '0900000452', 'Jacksonville'),
(453, 'Barrett Harrison', '0900000453', 'Columbus'),
(454, 'Knox Gibson', '0900000454', 'Charlotte'),
(455, 'Luca Mcdonald', '0900000455', 'San Francisco'),
(456, 'Nash Cruz', '0900000456', 'Indianapolis'),
(457, 'Holden Marshall', '0900000457', 'Seattle'),
(458, 'Zion Ortiz', '0900000458', 'Denver'),
(459, 'Lennox Gomez', '0900000459', 'Washington'),
(460, 'Phoenix Murray', '0900000460', 'Boston'),
(461, 'Rhett Freeman', '0900000461', 'New York'),
(462, 'Judah Wells', '0900000462', 'Los Angeles'),
(463, 'Caden Webb', '0900000463', 'Chicago'),
(464, 'Beckham Simpson', '0900000464', 'Houston'),
(465, 'Elliott Stevens', '0900000465', 'Phoenix'),
(466, 'Felix Tucker', '0900000466', 'Philadelphia'),
(467, 'Ronald Porter', '0900000467', 'San Antonio'),
(468, 'Jasper Hunter', '0900000468', 'San Diego'),
(469, 'Gideon Hicks', '0900000469', 'Dallas'),
(470, 'Winston Crawford', '0900000470', 'San Jose'),
(471, 'Tobias Henry', '0900000471', 'Austin'),
(472, 'Lane Boyd', '0900000472', 'Jacksonville'),
(473, 'Remy Mason', '0900000473', 'Columbus'),
(474, 'Ellis Morales', '0900000474', 'Charlotte'),
(475, 'Abram Kennedy', '0900000475', 'San Francisco'),
(476, 'Cassius Warren', '0900000476', 'Indianapolis'),
(477, 'Ledger Dixon', '0900000477', 'Seattle'),
(478, 'Bodie Ramos', '0900000478', 'Denver'),
(479, 'Foster Reyes', '0900000479', 'Washington'),
(480, 'Crosby Burns', '0900000480', 'Boston'),
(481, 'Wilder Gordon', '0900000481', 'New York'),
(482, 'Arian Shaw', '0900000482', 'Los Angeles'),
(483, 'Koa Holmes', '0900000483', 'Chicago'),
(484, 'Krew Rice', '0900000484', 'Houston'),
(485, 'Benson Robertson', '0900000485', 'Phoenix'),
(486, 'Casper Hunt', '0900000486', 'Philadelphia'),
(487, 'Colter Black', '0900000487', 'San Antonio'),
(488, 'Darwin Daniels', '0900000488', 'San Diego'),
(489, 'Dutton Palmer', '0900000489', 'Dallas'),
(490, 'Enoch Mills', '0900000490', 'San Jose'),
(491, 'Harlan Nichols', '0900000491', 'Austin'),
(492, 'Loyal Grant', '0900000492', 'Jacksonville'),
(493, 'Murphy Knight', '0900000493', 'Columbus'),
(494, 'Rance Ferguson', '0900000494', 'Charlotte'),
(495, 'Seven Rose', '0900000495', 'San Francisco'),
(496, 'Truett Stone', '0900000496', 'Indianapolis'),
(497, 'Zev Hawkins', '0900000497', 'Seattle'),
(498, 'Baker Ferrand', '0900000498', 'Denver'),
(499, 'Callahan Jenkins', '0900000499', 'Washington'),
(500, 'Dov Perry', '0900000500', 'Boston'),
(501, 'Eliel Powell', '0900000501', 'New York'),
(502, 'Fischer Long', '0900000502', 'Los Angeles'),
(503, 'Gordon Patterson', '0900000503', 'Chicago'),
(504, 'Hezekiah Hughes', '0900000504', 'Houston'),
(505, 'Ignatius Flores', '0900000505', 'Phoenix'),
(506, 'Joziah Washington', '0900000506', 'Philadelphia'),
(507, 'Kanaan Butler', '0900000507', 'San Antonio'),
(508, 'Leopold Simmons', '0900000508', 'San Diego'),
(509, 'Magnus Foster', '0900000509', 'Dallas'),
(510, 'Nikolai Gonzales', '0900000510', 'San Jose'),
(511, 'Ozias Bryant', '0900000511', 'Austin'),
(512, 'Phineas Alexander', '0900000512', 'Jacksonville'),
(513, 'Quinton Russell', '0900000513', 'Columbus'),
(514, 'Roderick Griffin', '0900000514', 'Charlotte'),
(515, 'Simeon Diaz', '0900000515', 'San Francisco'),
(516, 'Thaddeus Hayes', '0900000516', 'Indianapolis'),
(517, 'Uriel Myers', '0900000517', 'Seattle'),
(518, 'Vance Ford', '0900000518', 'Denver'),
(519, 'Wallace Graham', '0900000519', 'Washington'),
(520, 'Yisroel Sullivan', '0900000520', 'Boston');

PRINT 'Inserted 520 rows into Customers';
PRINT 'Finished Customers';
GO

-- Insert Data into Account table
PRINT 'Inserting Accounts...';

INSERT INTO Accounts (AccountID, CustomerID, Balance, OpenDate) VALUES
(1,1,1000,'2024-01-01'),
(2,2,2000,'2024-01-02'),
(3,3,1500,'2024-01-03'),
(4,4,3000,'2024-01-04'),
(5,5,2500,'2024-01-05'),
(6,6,1800,'2024-01-06'),
(7,7,2200,'2024-01-07'),
(8,8,2700,'2024-01-08'),
(9,9,3200,'2024-01-09'),
(10,10,3500,'2024-01-10'),
(11,11,4000,'2024-01-11'),
(12,12,1200,'2024-01-12'),
(13,13,2600,'2024-01-13'),
(14,14,2800,'2024-01-14'),
(15,15,3100,'2024-01-15'),
(16,16,3300,'2024-01-16'),
(17,17,3600,'2024-01-17'),
(18,18,3900,'2024-01-18'),
(19,19,4100,'2024-01-19'),
(20,20,4500,'2024-01-20'),
(21, 21, 3200, '2023-05-12'),
(22, 22, 5100, '2023-11-04'),
(23, 23, 2800, '2024-02-15'),
(24, 24, 4200, '2023-08-22'),
(25, 25, 3900, '2023-12-30'),
(26, 26, 4700, '2024-03-10'),
(27, 27, 3100, '2023-04-18'),
(28, 28, 5500, '2023-09-05'),
(29, 29, 2600, '2024-01-12'),
(30, 30, 4800, '2023-07-27'),
(31, 31, 3300, '2023-10-15'),
(32, 32, 4100, '2024-02-28'),
(33, 33, 2900, '2023-06-20'),
(34, 34, 5200, '2023-11-11'),
(35, 35, 3700, '2024-03-05'),
(36, 36, 4400, '2023-05-25'),
(37, 37, 3000, '2023-12-14'),
(38, 38, 4600, '2024-01-08'),
(39, 39, 3500, '2023-08-01'),
(40, 40, 5000, '2023-04-30'),
(41, 41, 3150, '2023-09-19'),
(42, 42, 4250, '2024-02-14'),
(43, 43, 2750, '2023-07-03'),
(44, 44, 5350, '2023-12-21'),
(45, 45, 3850, '2024-03-12'),
(46, 46, 4550, '2023-06-15'),
(47, 47, 3100, '2023-11-28'),
(48, 48, 4900, '2024-01-25'),
(49, 49, 3400, '2023-05-07'),
(50, 50, 5100, '2023-10-09'),
(51, 51, 3250, '2024-02-20'),
(52, 52, 4350, '2023-08-14'),
(53, 53, 2850, '2023-12-05'),
(54, 54, 5450, '2024-03-15'),
(55, 55, 3950, '2023-07-11'),
(56, 56, 4650, '2023-11-30'),
(57, 57, 3200, '2024-01-18'),
(58, 58, 5000, '2023-04-22'),
(59, 59, 3500, '2023-09-12'),
(60, 60, 5200, '2024-02-05'),
(61, 61, 3100, '2023-06-28'),
(62, 62, 4200, '2023-12-19'),
(63, 63, 2700, '2024-03-20'),
(64, 64, 5300, '2023-05-15'),
(65, 65, 3800, '2023-10-27'),
(66, 66, 4500, '2024-01-31'),
(67, 67, 3050, '2023-08-08'),
(68, 68, 4850, '2023-12-12'),
(69, 69, 3400, '2024-02-12'),
(70, 70, 5050, '2023-07-20'),
(71, 71, 3150, '2023-11-05'),
(72, 72, 4300, '2024-01-02'),
(73, 73, 2900, '2023-04-10'),
(74, 74, 5400, '2023-09-25'),
(75, 75, 3750, '2024-03-01'),
(76, 76, 4600, '2023-06-07'),
(77, 77, 3150, '2023-10-18'),
(78, 78, 5100, '2024-02-22'),
(79, 79, 3550, '2023-05-29'),
(80, 80, 5250, '2023-12-25'),
(81, 81, 3300, '2024-01-15'),
(82, 82, 4400, '2023-08-30'),
(83, 83, 2800, '2023-11-14'),
(84, 84, 5500, '2024-03-18'),
(85, 85, 4000, '2023-07-05'),
(86, 86, 4700, '2023-12-01'),
(87, 87, 3250, '2024-02-09'),
(88, 88, 5150, '2023-05-22'),
(89, 89, 3600, '2023-10-10'),
(90, 90, 5300, '2024-01-20'),
(91, 91, 3200, '2023-06-12'),
(92, 92, 4300, '2023-11-20'),
(93, 93, 2850, '2024-03-08'),
(94, 94, 5400, '2023-04-25'),
(95, 95, 3900, '2023-09-01'),
(96, 96, 4600, '2024-01-28'),
(97, 97, 3100, '2023-07-15'),
(98, 98, 4950, '2023-12-08'),
(99, 99, 3450, '2024-02-25'),
(100, 100, 5100, '2023-05-01'),
(101, 101, 3250, '2023-10-14'),
(102, 102, 4400, '2024-01-19'),
(103, 103, 2950, '2023-06-03'),
(104, 104, 5500, '2023-11-09'),
(105, 105, 3800, '2024-03-14'),
(106, 106, 4650, '2023-08-17'),
(107, 107, 3150, '2023-12-27'),
(108, 108, 5200, '2024-02-01'),
(109, 109, 3600, '2023-05-11'),
(110, 110, 5350, '2023-09-28'),
(111, 111, 3400, '2024-01-05'),
(112, 112, 4500, '2023-07-22'),
(113, 113, 2900, '2023-12-16'),
(114, 114, 5600, '2024-03-19'),
(115, 115, 4100, '2023-04-14'),
(116, 116, 4800, '2023-10-02'),
(117, 117, 3300, '2024-02-11'),
(118, 118, 5250, '2023-06-25'),
(119, 119, 3700, '2023-11-18'),
(120, 120, 5400, '2024-01-22'),
(121, 121, 3350, '2023-08-05'),
(122, 122, 4450, '2023-12-31'),
(123, 123, 3000, '2024-03-25'),
(124, 124, 5550, '2023-05-19'),
(125, 125, 4050, '2023-10-12'),
(126, 126, 4750, '2024-01-07'),
(127, 127, 3200, '2023-07-18'),
(128, 128, 5050, '2023-12-04'),
(129, 129, 3550, '2024-02-17'),
(130, 130, 5200, '2023-04-28'),
(131, 131, 3350, '2023-09-08'),
(132, 132, 4500, '2024-01-30'),
(133, 133, 3050, '2023-06-11'),
(134, 134, 5600, '2023-11-22'),
(135, 135, 3900, '2024-03-21'),
(136, 136, 4750, '2023-08-25'),
(137, 137, 3300, '2023-12-11'),
(138, 138, 5300, '2024-02-04'),
(139, 139, 3700, '2023-05-02'),
(140, 140, 5450, '2023-10-19'),
(141, 141, 3500, '2024-01-14'),
(142, 142, 4600, '2023-07-07'),
(143, 143, 3000, '2023-12-28'),
(144, 144, 5700, '2024-03-28'),
(145, 145, 4200, '2023-04-19'),
(146, 146, 4900, '2023-09-14'),
(147, 147, 3400, '2024-02-23'),
(148, 148, 5350, '2023-06-01'),
(149, 149, 3800, '2023-11-01'),
(150, 150, 5500, '2024-01-10'),
(151, 151, 3450, '2023-08-12'),
(152, 152, 4550, '2023-12-15'),
(153, 153, 3100, '2024-03-03'),
(154, 154, 5650, '2023-05-27'),
(155, 155, 4150, '2023-10-05'),
(156, 156, 4850, '2024-01-16'),
(157, 157, 3300, '2023-07-25'),
(158, 158, 5150, '2023-12-18'),
(159, 159, 3650, '2024-02-27'),
(160, 160, 5300, '2023-04-05'),
(161, 161, 3450, '2023-09-30'),
(162, 162, 4600, '2024-01-04'),
(163, 163, 3150, '2023-06-22'),
(164, 164, 5700, '2023-11-15'),
(165, 165, 4000, '2024-03-07'),
(166, 166, 4850, '2023-08-04'),
(167, 167, 3400, '2023-12-20'),
(168, 168, 5400, '2024-02-18'),
(169, 169, 3800, '2023-05-18'),
(170, 170, 5550, '2023-10-22'),
(171, 171, 3600, '2024-01-27'),
(172, 172, 4700, '2023-07-13'),
(173, 173, 3100, '2023-12-07'),
(174, 174, 5800, '2024-03-11'),
(175, 175, 4300, '2023-04-21'),
(176, 176, 5000, '2023-09-07'),
(177, 177, 3500, '2024-02-16'),
(178, 178, 5450, '2023-06-18'),
(179, 179, 3900, '2023-11-25'),
(180, 180, 5600, '2024-01-01'),
(181, 181, 3550, '2023-08-28'),
(182, 182, 4650, '2023-12-02'),
(183, 183, 3200, '2024-03-24'),
(184, 184, 5750, '2023-05-09'),
(185, 185, 4250, '2023-10-17'),
(186, 186, 4950, '2024-01-11'),
(187, 187, 3400, '2023-07-02'),
(188, 188, 5250, '2023-12-23'),
(189, 189, 3750, '2024-02-02'),
(190, 190, 5400, '2023-04-12'),
(191, 191, 3550, '2023-09-21'),
(192, 192, 4700, '2024-01-13'),
(193, 193, 3250, '2023-06-05'),
(194, 194, 5800, '2023-11-07'),
(195, 195, 4100, '2024-03-17'),
(196, 196, 4950, '2023-08-11'),
(197, 197, 3500, '2023-12-13'),
(198, 198, 5500, '2024-02-21'),
(199, 199, 3900, '2023-05-31'),
(200, 200, 5650, '2023-10-31'),
(201, 201, 3700, '2024-01-19'),
(202, 202, 4800, '2023-07-17'),
(203, 203, 3200, '2023-12-10'),
(204, 204, 5900, '2024-03-23'),
(205, 205, 4400, '2023-04-03'),
(206, 206, 5100, '2023-09-16'),
(207, 207, 3600, '2024-02-07'),
(208, 208, 5550, '2023-06-10'),
(209, 209, 4000, '2023-11-13'),
(210, 210, 5700, '2024-01-15'),
(211, 211, 3650, '2023-08-20'),
(212, 212, 4750, '2023-12-27'),
(213, 213, 3300, '2024-03-09'),
(214, 214, 5850, '2023-05-14'),
(215, 215, 4350, '2023-10-23'),
(216, 216, 5050, '2024-01-21'),
(217, 217, 3500, '2023-07-08'),
(218, 218, 5350, '2023-12-14'),
(219, 219, 3850, '2024-02-13'),
(220, 220, 5500, '2023-04-26'),
(221, 221, 3650, '2023-09-24'),
(222, 222, 4800, '2024-01-09'),
(223, 223, 3350, '2023-06-19'),
(224, 224, 5900, '2023-11-20'),
(225, 225, 4200, '2024-03-26'),
(226, 226, 5050, '2023-08-29'),
(227, 227, 3600, '2023-12-17'),
(228, 228, 5600, '2024-02-06'),
(229, 229, 4000, '2023-05-06'),
(230, 230, 5750, '2023-10-15'),
(231, 231, 3800, '2024-01-29'),
(232, 232, 4900, '2023-07-21'),
(233, 233, 3300, '2023-12-03'),
(234, 234, 6000, '2024-03-13'),
(235, 235, 4500, '2023-04-11'),
(236, 236, 5200, '2023-09-02'),
(237, 237, 3700, '2024-02-29'),
(238, 238, 5650, '2023-06-23'),
(239, 239, 4100, '2023-11-29'),
(240, 240, 5800, '2024-01-03'),
(241, 241, 3750, '2023-08-07'),
(242, 242, 4850, '2023-12-09'),
(243, 243, 3400, '2024-03-01'),
(244, 244, 5950, '2023-05-21'),
(245, 245, 4450, '2023-10-04'),
(246, 246, 5150, '2024-01-14'),
(247, 247, 3600, '2023-07-30'),
(248, 248, 5450, '2023-12-22'),
(249, 249, 3950, '2024-02-10'),
(250, 250, 5600, '2023-04-08'),
(251, 251, 3750, '2023-09-10'),
(252, 252, 4900, '2024-01-24'),
(253, 253, 3450, '2023-06-27'),
(254, 254, 6000, '2023-11-12'),
(255, 255, 4300, '2024-03-16'),
(256, 256, 5150, '2023-08-16'),
(257, 257, 3700, '2023-12-06'),
(258, 258, 5700, '2024-02-24'),
(259, 259, 4100, '2023-05-24'),
(260, 260, 5850, '2023-10-08'),
(261, 261, 3900, '2024-01-11'),
(262, 262, 5000, '2023-07-04'),
(263, 263, 3400, '2023-12-29'),
(264, 264, 6100, '2024-03-27'),
(265, 265, 4600, '2023-04-29'),
(266, 266, 5300, '2023-09-18'),
(267, 267, 3800, '2024-02-15'),
(268, 268, 5750, '2023-06-14'),
(269, 269, 4200, '2023-11-03'),
(270, 270, 5900, '2024-01-05'),
(271, 271, 3850, '2023-08-15'),
(272, 272, 4950, '2023-12-24'),
(273, 273, 3500, '2024-03-04'),
(274, 274, 6050, '2023-05-04'),
(275, 275, 4550, '2023-10-29'),
(276, 276, 5250, '2024-01-26'),
(277, 277, 3700, '2023-07-12'),
(278, 278, 5550, '2023-12-02'),
(279, 279, 4050, '2024-02-08'),
(280, 280, 5700, '2023-04-16'),
(281, 281, 3850, '2023-09-27'),
(282, 282, 5000, '2024-01-17'),
(283, 283, 3550, '2023-06-08'),
(284, 284, 6100, '2023-11-26'),
(285, 285, 4400, '2024-03-20'),
(286, 286, 5250, '2023-08-22'),
(287, 287, 3800, '2023-12-18'),
(288, 288, 5800, '2024-02-12'),
(289, 289, 4200, '2023-05-13'),
(290, 290, 5950, '2023-10-14'),
(291, 291, 4000, '2024-01-31'),
(292, 292, 5100, '2023-07-26'),
(293, 293, 3500, '2023-12-09'),
(294, 294, 6200, '2024-03-22'),
(295, 295, 4700, '2023-04-24'),
(296, 296, 5400, '2023-09-05'),
(297, 297, 3900, '2024-02-19'),
(298, 298, 5850, '2023-06-30'),
(299, 299, 4300, '2023-11-08'),
(300, 300, 6000, '2024-01-14'),
(301, 301, 3950, '2023-08-01'),
(302, 302, 5050, '2023-12-11'),
(303, 303, 3600, '2024-03-11'),
(304, 304, 6150, '2023-05-18'),
(305, 305, 4650, '2023-10-06'),
(306, 306, 5350, '2024-01-04'),
(307, 307, 3800, '2023-07-09'),
(308, 308, 5650, '2023-12-25'),
(309, 309, 4150, '2024-02-01'),
(310, 310, 5800, '2023-04-20'),
(311, 311, 3950, '2023-09-14'),
(312, 312, 5100, '2024-01-23'),
(313, 313, 3650, '2023-06-15'),
(314, 314, 6200, '2023-11-04'),
(315, 315, 4500, '2024-03-18'),
(316, 316, 5350, '2023-08-10'),
(317, 317, 3900, '2023-12-30'),
(318, 318, 5900, '2024-02-26'),
(319, 319, 4300, '2023-05-01'),
(320, 320, 6050, '2023-10-26'),
(321, 321, 4100, '2024-01-07'),
(322, 322, 5200, '2023-07-14'),
(323, 323, 3600, '2023-12-21'),
(324, 324, 6300, '2024-03-05'),
(325, 325, 4800, '2023-04-05'),
(326, 326, 5500, '2023-09-29'),
(327, 327, 4000, '2024-02-13'),
(328, 328, 5950, '2023-06-04'),
(329, 329, 4400, '2023-11-19'),
(330, 330, 6100, '2024-01-20'),
(331, 331, 4050, '2023-08-19'),
(332, 332, 5150, '2023-12-07'),
(333, 333, 3700, '2024-03-29'),
(334, 4, 6250, '2023-05-22'),
(335, 5, 4750, '2023-10-13'),
(336, 6, 5450, '2024-01-16'),
(337, 7, 3900, '2023-07-23'),
(338, 8, 5750, '2023-12-13'),
(339, 9, 4250, '2024-02-22'),
(340, 10, 5900, '2023-04-13'),
(341, 11, 4050, '2023-09-22'),
(342, 12, 5200, '2024-01-03'),
(343, 13, 3750, '2023-06-25'),
(344, 14, 6300, '2023-11-15'),
(345, 15, 4600, '2024-03-08'),
(346, 16, 5450, '2023-08-04'),
(347, 17, 4000, '2023-12-01'),
(348, 18, 6000, '2024-02-18'),
(349, 19, 4400, '2023-05-10'),
(350, 20, 6150, '2023-10-09'),
(351, 21, 4200, '2024-01-25'),
(352, 22, 5300, '2023-07-02'),
(353, 23, 3700, '2023-12-16'),
(354, 24, 6400, '2024-03-12'),
(355, 25, 4900, '2023-04-28'),
(356, 26, 5600, '2023-09-08'),
(357, 27, 4100, '2024-02-05'),
(358, 28, 6050, '2023-06-12'),
(359, 29, 4500, '2023-11-23'),
(360, 30, 6200, '2024-01-09'),
(361, 31, 4150, '2023-08-30'),
(362, 32, 5250, '2023-12-29'),
(363, 33, 3800, '2024-03-21'),
(364, 34, 6350, '2023-05-15'),
(365, 35, 4850, '2023-10-21'),
(366, 36, 5550, '2024-01-12'),
(367, 37, 4000, '2023-07-07'),
(368, 38, 5850, '2023-12-05'),
(369, 39, 4350, '2024-02-27'),
(370, 40, 6000, '2023-04-02'),
(371, 41, 4150, '2023-09-17'),
(372, 42, 5300, '2024-01-11'),
(373, 43, 3850, '2023-06-03'),
(374, 44, 6400, '2023-11-30'),
(375, 45, 4700, '2024-03-02'),
(376, 46, 5550, '2023-08-27'),
(377, 47, 4100, '2023-12-26'),
(378, 48, 6100, '2024-02-09'),
(379, 49, 4500, '2023-05-28'),
(380, 50, 6250, '2023-10-18'),
(381, 51, 4300, '2024-01-14'),
(382, 52, 5400, '2023-07-19'),
(383, 53, 3800, '2023-12-08'),
(384, 54, 6500, '2024-03-24'),
(385, 55, 5000, '2023-04-14'),
(386, 56, 5700, '2023-09-11'),
(387, 57, 4200, '2024-02-21'),
(388, 58, 6150, '2023-06-21'),
(389, 59, 4600, '2023-11-10'),
(390, 60, 6300, '2024-01-28'),
(391, 61, 4250, '2023-08-03'),
(392, 62, 5350, '2023-12-14'),
(393, 63, 3900, '2024-03-07'),
(394, 64, 6450, '2023-05-09'),
(395, 65, 4950, '2023-10-31'),
(396, 66, 5650, '2024-01-19'),
(397, 67, 4100, '2023-07-31'),
(398, 68, 5950, '2023-12-22'),
(399, 69, 4450, '2024-02-14'),
(400, 70, 6100, '2023-04-26'),
(401, 71, 4250, '2023-09-02'),
(402, 72, 5400, '2024-01-05'),
(403, 73, 3950, '2023-06-17'),
(404, 74, 6500, '2023-11-13'),
(405, 75, 4800, '2024-03-26'),
(406, 76, 5650, '2023-08-14'),
(407, 77, 4200, '2023-12-10'),
(408, 78, 6200, '2024-02-03'),
(409, 79, 4600, '2023-05-12'),
(410, 80, 6350, '2023-10-02'),
(411, 81, 4400, '2024-01-22'),
(412, 82, 5500, '2023-07-11'),
(413, 83, 3900, '2023-12-04'),
(414, 84, 6600, '2024-03-18'),
(415, 85, 5100, '2023-04-21'),
(416, 86, 5800, '2023-09-25'),
(417, 87, 4300, '2024-02-17'),
(418, 88, 6250, '2023-06-29'),
(419, 89, 4700, '2023-11-16'),
(420, 90, 6400, '2024-01-08'),
(421, 91, 4350, '2023-08-11'),
(422, 92, 5450, '2023-12-19'),
(423, 93, 4000, '2024-03-15'),
(424, 94, 6550, '2023-05-04'),
(425, 95, 5050, '2023-10-08'),
(426, 96, 5750, '2024-01-24'),
(427, 97, 4200, '2023-07-18'),
(428, 98, 6050, '2023-12-09'),
(429, 99, 4550, '2024-02-28'),
(430, 100, 6200, '2023-04-10'),
(431, 101, 4350, '2023-09-20'),
(432, 102, 5500, '2024-01-13'),
(433, 103, 4050, '2023-06-07'),
(434, 104, 6600, '2023-11-25'),
(435, 105, 4900, '2024-03-09'),
(436, 106, 5750, '2023-08-02'),
(437, 107, 4300, '2023-12-20'),
(438, 108, 6300, '2024-02-22'),
(439, 109, 4700, '2023-05-19'),
(440, 110, 6450, '2023-10-12'),
(441, 111, 4500, '2024-01-15'),
(442, 112, 5600, '2023-07-28'),
(443, 113, 4000, '2023-12-31'),
(444, 114, 6700, '2024-03-22'),
(445, 115, 5200, '2023-04-15'),
(446, 116, 5900, '2023-09-13'),
(447, 117, 4400, '2024-02-11'),
(448, 118, 6350, '2023-06-02'),
(449, 119, 4800, '2023-11-06'),
(520, 520, 6500, '2023-04-29');

PRINT 'Inserted 520 rows into Accounts';
PRINT 'Finished Accounts';
GO

-- Insert into Transactions table
